[
	{
		"productId": 1,
		"title": "Устрицы по рокфеллеровски",
		"desc": "Значимость этих проблем настолько очевидна, что укрепление и развитие структуры",
		"img": { "url": "/img/product/1.png", "alt": "Устрицы по рокфеллеровски" },
		"price": 2700,
		"amount": 500,
		"units": "grams"
	},
	{
		"productId": 2,
		"title": "Свиные ребрышки на гриле с зеленью",
		"desc": "Не следует, однако забывать, что реализация намеченных плановых",
		"img": { "url": "/img/product/2.png" },
		"price": 1600,
		"amount": 750,
		"units": "grams"
	},
	{
		"productId": 3,
		"title": "Креветки по-королевски в лимонном соке",
		"desc": "Значимость этих проблем настолько очевидна, что укрепление и развитие структуры обеспечивает широкому кругу",
		"img": { "url": "/img/product/3.png" },
		"price": 1820,
		"amount": 7,
		"units": "pieces"
	},
	{
		"productId": 4,
		"title": "Устрицы по рокфеллеровски",
		"desc": "Значимость этих проблем настолько очевидна, что укрепление и развитие структуры",
		"img": { "url": "/img/product/1.png", "alt": "Устрицы по рокфеллеровски" },
		"price": 2700,
		"amount": 500,
		"units": "grams"
	},
	{
		"productId": 5,
		"title": "Устрицы по рокфеллеровски",
		"desc": "Значимость этих проблем настолько очевидна, что укрепление и развитие структуры",
		"img": { "url": "/img/product/1.png", "alt": "Устрицы по рокфеллеровски" },
		"price": 2700,
		"amount": 500,
		"units": "grams"
	},
	{
		"productId": 6,
		"title": "Свиные ребрышки на гриле с зеленью",
		"desc": "Не следует, однако забывать, что реализация намеченных плановых",
		"img": { "url": "/img/product/2.png" },
		"price": 1600,
		"amount": 750,
		"units": "grams"
	},
	{
		"productId": 7,
		"title": "Креветки по-королевски в лимонном соке",
		"desc": "Значимость этих проблем настолько очевидна, что укрепление и развитие структуры обеспечивает широкому кругу",
		"img": { "url": "/img/product/3.png" },
		"price": 1820,
		"amount": 7,
		"units": "pieces"
	},
	{
		"productId": 8,
		"title": "Устрицы по рокфеллеровски",
		"desc": "Значимость этих проблем настолько очевидна, что укрепление и развитие структуры",
		"img": { "url": "/img/product/1.png", "alt": "Устрицы по рокфеллеровски" },
		"price": 2700,
		"amount": 500,
		"units": "grams"
	}
]
